SNO,Question Content,Option A,Option B,Option C,Option D,Number of correct answer,Correct Answers
1,A developer is asked to write helper methods that create test data for unit tests. 01: public TestUtils { 02: 03: public static Account createAccount() { 04: Account act = new Account()05: // ...set some fields on act... 06: return act07: } 08: //...other methods... 09: } What should be changed in the TestUtils class so that its methods are only usable by unit test methods?,Add @IsTest above line 03.,Add @istest above line 01.,Change public to private on line 01.,Remove static from line 03.,1,B
2,Refer to the following Apex code: Integer x = 0do{ x = x + 1x++} while (x < 1)System.debug(x)What is the value of x when it is written to the debug log?,1,3,2,4,1,C
3,Which two actions may cause triggers to fire?,Cascading delete operations,Changing a user's default division when the transfer division option is checked,Renaming or replacing a picklist entry,Updates to FeedItem,2,"A, D"
4,A developer wants to import 500 Opportunity records into a sandbox. Why should the developer choose to use Data Loader instead of Data Import Wizard?,Data Loader automatically relates Opportunities to Accounts.,Data Loader runs from the developer's browser.,Data Import Wizard can not import all 500 records.,Data Import Wizard does not support Opportunities.,1,C
5,What are two characteristics related to formulas?,Formulas can reference themselves.,Formulas are calculated at runtime and are not stored in the database.,Fields that are used in a formula field can be deleted or edited without editing the,Formulas can reference values in related objects.,2,"B, D"
6,What should a developer use to fix a Lightning web component bug in a sandbox?,Force.com IDE,Execute Anonymous,Developer Console,VS Code,1,D
7,"Developers at Universal Containers (UC) use version control to share their code changes, but they notice that when they deploy their code to different environments they often have failures. They decide to set up Continuous Integration (CI). What should the UC development team use to automatically run tests as part of their CI process?",Force.com Toolkit,Salesforce CLI,Visual Studio Code,Developer Console,1,B
8,Which exception type cannot be caught?,A custom exception,LimitException,NoAccessException,CalloutException,1,B
9,A developer created a child Lightning web component nested inside a parent Lightning web component. The parent component needs to pass a string value to the child component. In which two ways can this be accomplished?,The parent component can invoke a public method in the child component.,The parent component can use a public property to pass the data to the child,The parent component can use the Apex controller class to send data to the child,The parent component can use a custom event to pass the data to the child,2,"A, B"
10,"Flow Builder uses an Apex action to provide additional information about multiple Contacts, stored in a custom 'ContactInfo'. Which is the correct definition of the Apex method that gets the additional information?",@InvocableMethod(label='Additional Info') public List<ContactInfo> getInfo(List<Id>,@InvocableMethod(label='Additional Info') public ContactInfo getInfo(Id contactId) {,@InvocableMethod(label='Additional Info') public static ContactInfo getInfo(Id,@InvocableMethod(label='Additional Info') public static List<ContactInfo>,1,D
11,"""When a user edits the Postal Code on an Account, a custom Account text field named """"Timezone"""" must be updated based on the values in a 'PostalCodeToTimezone_c' custom object. Which two automation tools can be used to implement this feature?""",Approval process,Quick actions,Fast Field Updates record-triggered flow,Account trigger,2,"C, D"
12,Which statement generates a list of Leads and Contacts that have a field with the phrase 'ACME'?,"List <sObject> searchList = [FIND 'ACME' IN ALL FIELDS RETURNING Contact, Lead]","Map <sObject> searchList = [FIND 'ACME' IN ALL FIELDS RETURNING Contact, Lead]","List<list <sObject>> searchList = [SELECT Name, ID FROM Contact, Lead WHERE","List<list <sObject>> searchList = [FIND 'ACME*' IN ALL FIELDS RETURNING Contact,",1,D
13,  6 Which scenario is valid for execution by unit tests?,Generate a Visualforce PDF with getContentAsPDF().,Execute anonymous Apex as a different user.,Set the created date of a record using a system method.,Load data from a remote site with a callout.,1,C
14,A developer is tasked with building a custom Lightning web component to collect Contact information. The form will be shared among many different types of users in the org. There are security requirements that only certain should be edited and viewed by certain groups of users. What should the developer use in their Lightning Web Component to support the security requirements?,aura-input-field,ui-input-field,lightning-input-field,forca-input-field,1,C
15,Universal Containers decides to use purely declarative development to build out a new Salesforce application. Which two options can be used to build out the business logic layer for this application?,Record-Triggered Flow,Batch Jobs,Validation Rules,Remote Actions,2,"A, C"
16,"A developer created these three Rollup Summary fields in the custom object, Project_c: Total_Timesheets_c, Total_Approved_Timesheets_c, Total_Rejected_Timesheet_c. The developer is asked to create a new field that shows the ratio between rejected and approved timesheets for a new field. Which should the developer use to implement the business requirement in order to minimize maintenance overhead?",Apex trigger,Roll-up summary field,Record-triggered flow,Formula field,1,D
10,A developer is asked to update code that requires them to validate input into a trigger. Which Apex Control Flow Statement should the developer use?,Conditional (If-Else) Statement,While Loop,Switch Statement,For Loop,1,A
11,A developer wants to send an outbound message when a record meets a specific criteria. Which two features satisfy this use case?,Flow Builder can be used to check the record criteria and send an outbound message.,Approval Process can be used to check the record criteria and send an outbound,Next Best Action can be used to check the record criteria and send an outbound,Entitlement Process can be used to check the record criteria and send an outbound,2,"A, B"
12,Which two events need to happen when deploying to a production org?,All Apex code must have at least 75% test coverage.,All custom objects must have visibility set to a value other than In Development.,All Visual flows must have at least 1% test coverage.,,2,"A, B"
13,"A company has a custom object, Sales_Help_Request__c, that has a Lookup relationship to Opportunity. The Sales_Help_Request__c has a number field, Number_of_Hours__c, that represents the amount of time spent on Sales_Help_Request__c. A developer is tasked with creating a field, Total_Hours__c, on Opportunity that should be the sum of all of the Number_of_Hours__c values for the Sales_Help_Request__c records related to that Opportunity. What should the developer use to implement this?",A roll-up summary field on the Sales_Help_Request__c object,A roll-up summary field on the Opportunity object,A record-triggered flow on the Sales_Help_Request__c object,A trigger on the Opportunity object,1,B
14,Which three Salesforce resources can be accessed from a Lightning web component?,Content asset files,SVG resources,All external libraries,Third-party web components,2,"A, B"
15,"Universal Containers hires a developer to build a custom search page to help users find the Accounts they want. Users will be able to search on Name, Description, and a custom comments field. Which consideration should the developer be aware of when deciding between SOQL and SOSL?",SOSL is able to return more records.,SOQL is able to return more records.,SOSL is faster for text searches.,SOQL is faster for text searches.,1,C
16,Universal Containers needs to create a custom user interface component that allows users to enter information about their accounts. The component should be able to validate the user input before saving the information to the database. What is the best technology to create this component?,Visualforce,Lightning Web Components,Flow,VUE JavaScript framework,1,B
17,"Refer to the code snippet below: import fetchOps from '@salesforce/apex/OpportunitySearch.fetchOpportunities'@wire(fetchOps) opportunitiesWhen a Lightning web component is rendered, a list of opportunities that match certain criteria should be retrieved from the database and displayed to the end-user.   10 Which three considerations must the developer implement to make the fetchOpportunities method available when Lightning web component?",The method must be annotated with the @AuraEnabled annotation.,The method must be annotated with the @InvocableMethod annotation.,The method cannot mutate the result set retrieved from the database.,The method must specify the (cacheable=true) attribute.,3,"A, C, D"
18,Which three resources in an Aura component can contain JavaScript functions?,Helper,Style,Design,Renderer,2,"A, D"
19,Where are two locations a developer can look to find information about the status of batch or future methods?,Apex Flex Queue,Apex Jobs,Paused Flow Interviews component,Developer Console,2,"B, D"
20,Which code statement includes an Apex method named updateAccounts in the class AccountController for use in a Lightning web component?,import updateAccounts from 'AccountController',import updateAccounts from '@salesforce/apex/AccountController.updateAccounts',import updateAccounts from '@salesforce/apex/AccountController',import updateAccounts from 'AccountController.updateAccounts',1,B
21,Universal Containers wants Opportunities to no longer be editable when it reaches the Closed/Won stage. Which two strategies can a developer use to accomplish this?,Use a validation rule.,Use an auto-response rule.,Use a before-save Apex trigger.,Use an automatically launched Approval Process.,2,"A, C"
22,What are two benefits of using declarative customizations over code?,Declarative customizations automatically generate test classes.,Declarative customizations automatically update with each Salesforce release.,Declarative customizations generally require less maintenance.,Declarative customizations cannot generate runtime errors.,2,"B, C"
23,A team of many developers work in their own individual orgs that have the same configuration as the production org. Which type of org is best suited for this scenario?,Partner Developer Edition,Developer Sandbox,Full Sandbox,Developer Edition,1,B
24,"A developer has an integer variable called maxAttempts. The developer needs to ensure that once maxAttempts is initialized, it preserves its value for the length of the Apex transactionwhile being able to share the variable's state between trigger executions. How should the developer declare maxAttempts to meet these requirements?",Declare maxAttempts as a private static variable on a helper class.,Declare maxAttempts as a member variable on the trigger definition.,,,1,A
25,"A developer needs to create a baseline set of data (Accounts, Contacts, Products, Assets) for an entire suite of Apex tests allowing them to test isolated requirements for various types of Salesforce cases. Which approach can efficiently generate the required data for each unit test?",Create a mock using the HttpCalloutMock interface.,Use @TestSetup with a void method.,Add @IsTest(seeAllData=true) at the start of the unit test class.,Create test data before Test.startTest() in the unit test.,1,B
26,What is one limitation of Agentforce's language support capabilities?,Language support for toxicity is the same as the supported languages.,Topic and action instructions are supported in multiple languages.,Language and tone settings impact the output of agent actions when specified.,Language support may differ by agent type.,1,D
27,"A developer is creating an app that contains multiple Lightning web components. One of the child components is used for navigation purposes. When a user clicks a button called Next in the child, the parent component must be alerted so it can navigate to the next page. How should this be accomplished?",Update a property on the parent.,Create a custom event.,Fire a notification.,Call a method in the Apex controller.,1,B
28,Which two settings must be defined in order to update a record of a junction object?,Read access on the primary relationship,Read/Write access on the primary relationship,Read/Write access on the secondary relationship,Read/Write access on the junction object,2,"B, D"
29,"A company has a custom object, Order_c, that has a required, unique external ID field called Order_Number_c. Which statement should be used to perform the DML necessary to insert new records and update existing records in a list of Order_c records using the external ID field?",upsert orders,merge orders,merge orders Order_Number_c,upsert orders Order_Number_c,1,D
30,Which annotation exposes an Apex class as a RESTful web service?,@AuraEnabled(cacheable=true),@RemoteAction,@HttpInvocable,@RestResource(urlMapping='/myService/**'),1,D
31,What can be used to override the Account's standard Edit button for Lightning Experience?,Lightning flow,Lightning page,Lightning action,Lightning component,1,C
32,What is a benefit of developing applications in a multi-tenant environment?,Unlimited processing power and memory,Enforced unit testing and code coverage best practices,Preconfigured storage for big data,Access to predefined computing resources,1,B
33,A developer must create a CreditCardPayment class that provides an implementation of an existing Payment class.   15 public virtual class Payment { public virtual void makePayment(Decimal amount) { /implementation/ } } Which is the correct implementation?,public class CreditCardPayment extends Payment {,public class CreditCardPayment implements Payment { public override void,,,1,A
34,A developer is using Agentforce Dev Assistant. Inline autocomplete is not available. What are two possible causes?,Auto Completions are toggled off.,Telemetry settings are misconfigured.,VSCode has been idle for 1 hour.,VSCode Inline Suggest is not enabled.,2,"A, D"
35,A developer is creating a Lightning web component to show a list of sales records. The Sales Representative user should be able to see the commission field on each record. The Sales Assistant user should be able to see all fields on the record except the commission field. How should this be enforced so that the component works for both users without showing any errors?,Use Security.stripInaccessible to remove fields inaccessible to the current user.,Use Lightning Data Service to get the collection of sales records.,Use WITH SECURITY_ENFORCED in the SOQL that fetches the data for the,Use Lightning Locker Service to enforce sharing rules and field-level security.,1,A
36,Which three statements are accurate about debug logs?,"Debug log levels are cumulative, where FINE log level includes all events logged at",System debug logs are retained for 24 hours.,Only the 20 most recent debug logs for a user are kept.,"Debug logs can be set for specific users, classes, and triggers.",3,"B, C, D"
37,What are three ways for a developer to execute tests in an org?,Tooling API,Salesforce DX,Metadata API,Setup Menu,3,"A, B, D"
38,What are two use cases for executing Anonymous Apex code?,To schedule an Apex class to run periodically,"To delete 15,000 inactive Accounts in a single transaction after a deployment",To run a batch Apex class to update all Contacts,To add unit test code coverage to an org,2,"B, C"
39,An Opportunity needs to have an amount rolled up from a custom object that is not in a master-detail relationship.   17 How can this be achieved?,Use the Metadata API to create real-time roll-up summaries.,Write a trigger on the child object and use an aggregate function to sum the amount,Write a trigger on the Opportunity object and use tree sorting to sum the amount for,Use the Streaming API to create real-time roll-up summaries.,1,B
40,"A developer created a trigger on the Account object. While testing the trigger, the developer sees the error message 'Maximum trigger depth exceeded'. What could be the possible causes?",The trigger is getting executed multiple times.,The trigger is too long and should be refactored into a helper class.,The trigger does not have sufficient code coverage.,The developer does not have the correct user permission.,1,A
41,"In the following example, which sharing context will myMethod execute when it is invoked? public class myClass { public void myMethod() { /* implementation */ } }",Sharing rules will be inherited from the calling context.,Sharing rules will be enforced for the running user.,Sharing rules will not be enforced for the running user.,Sharing rules will be enforced by the instantiating class.,1,A
42,"  18 Universal Containers wants to ensure that all new leads created in the system have a valid email address. They have already created a validation rule to enforce this requirement, but want to add an additional layer of validation using automation. What would be the best solution for this requirement?",Use a custom Lightning Web component to make a callout to validate the fields on a,Use a before-save Apex trigger on the Lead object to validate the email address and,Submit a REST API Callout with a JSON payload and validate the fields on a third,Use an Approval Process to enforce the completion of a valid email address using an,1,B
43,"While working in a sandbox, an Apex test fails when run in the Test Runner. However, executing the Apex logic in the Execute Anonymous window succeeds with no exceptions or errors. Why did the method fail in the sandbox test framework but succeed in the Developer Console?",The test method relies on existing data in the sandbox.,The test method has a syntax error in the code.,The test method is calling an @future method.,The test method does not use System.runAs to execute as a specific user.,1,A
44,A developer must perform a complex SQL query that joins two objects in a Lightning component. How can the Lightning component execute the query?,Create a flow to execute the query and invoke from the Lightning component.,Invoke an Apex class with the method annotated as @AuraEnabled to perform the,Write the query in a custom Lightning web component wrapper and invoke from the,Use the Salesforce Streaming API to perform the SQL query.,1,B
45,What will be the output in the debug log in the event of a QueryException during a call to the aQuery method if it is following example? public class myclass { class CustomException extends Exception {} public static Account aQuery() { Account theAccounttry { system.debug('Querying Accounts.')theAccount = [SELECT Id FROM Account WHERE CreatedDate > TODAY]} catch (CustomException ex) { system.debug('Custom Exception.')} catch (QueryException ex) { system.debug('Query Exception.')} finally { system.debug('Done.')} return theAccount},Querying Accounts. Custom Exception.,Querying Accounts. Custom Exception. Done.,Querying Accounts. Query Exception. Done.,Querying Accounts. Query Exception.,1,C
46,Which code displays the contents of a Visualforce page as a PDF?,"""<apex:page contentType=""""application/pdf"""">""","""<apex:page renderAs=""""pdf"""">""","""<apex:page renderAs=""""application/pdf"""">""","""<apex:page contentType=""""pdf"""">""",1,B
47,A developer created a trigger on the Account object and wants to test if the trigger is properly bulkified. The developer team decided that the trigger should be tested with 200 account records with unique names. What two things should be done to create the test data within the unit test with the least amount of code?,Create a static resource containing test data.,Use the @isTest(isParallel=true) annotation in the test class.,Use Test.loadData to populate data in your test methods.,Use the @isTest(seeAllData=true) annotation in the test class.,2,"A, C"
48,A Developer Edition org has five existing accounts. A developer wants to add 10 more accounts for testing purpose. The following code is executed in the Developer Console using the Execute Anonymous window: Account myAccount = new Account (Name = 'MyAccount')insert myAccount  21 Integer x = 1List<Account> newAccounts = new List<Account>()do{ Account acct = new Account (Name = 'New Account ' + x++)newAccounts.add(acct)} while (x < 10)How many total accounts will be in the org after this code is executed?,15,6,5,10,1,B
49,Universal Containers has a support process that allows users to request support from its engineering team using a custom Engineering_Support_c. Users should be able to associate multiple Engineering_Support_c records to a single Opportunity record. Additional aggregate information about the Engineering_Support_c records should be shown on the Opportunity record. Which relationship field should be implemented to support these requirements?,Lookup field from Engineering_Support_c to Opportunity,Master-detail field from Engineering_Support_c to Opportunity,Master-detail field from Opportunity to Engineering_Support_c,,1,B
51,For which three items can a trace flag be configured?,Flow,Apex Class,Visualforce,Apex Trigger,2,"B, D"
50,Which two operations affect the number of times a trigger can fire?,After-save record-triggered flow,Email messages,Roll-up summary fields,Criteria-based sharing calculations,2,"C, D"
51,Universal Containers has an order system that uses an Order Number to identify an order for customers and service agents. Order records will be imported into Salesforce. How should the Order Number field be defined in Salesforce?,Indirect Lookup,External ID and Unique,Lookup,Direct Lookup,1,B
52,"If Apex code executes inside the execute() method of an Apex class when implementing the Batchable interface, which two statements are true regarding governor limits?",The Apex governor limits are omitted while calling the constructor of the Apex class.,The Apex governor limits will use the asynchronous limit levels.,The Apex governor limits are reset for each iteration of the execute() method.,The Apex governor limits cannot be exceeded due to the asynchronous nature of the,2,"B, C"
53,"A custom picklist field, 'Food_Preference_c', exists on a custom object. The picklist contains the following options: 'Vegan', 'Kosher', 'No Preference'. The developer must ensure a value is populated every time a record is created or updated. What is the optimal way to ensure a value is selected every time a record is saved?",Mark the field as Required on the field definition.,Write an Apex trigger to ensure a value is selected.,"""Set """"Use the first value in the list as the default value"""" to True.""",Mark the field as Required on the object's page layout.,1,A
54,A developer needs to confirm that a Contact trigger works correctly without changing the organization's data. What should the developer do to test the Contact trigger?,Use Deploy from the VSCode IDE to deploy an 'insert Contact' Apex class.,Use the Open Execute Anonymous feature on the Developer Console to run an 'insert,Use the New button on the Salesforce Contacts Tab to create a new Contact record.,Use the Test menu on the Developer Console to run all test classes for the Contact,1,D
55,"Which Apex class contains methods to return the amount of resources that have been used for a particular governor, such as the number of DML statements?",Exception,Messaging,OrgLimits,Limits,1,D
56,Which action causes a before trigger to fire by default for Accounts?,Converting Leads to Contacts,Importing data using the Data Loader and the Bulk API,Renaming or replacing picklists,Updating addresses using the Mass Address update tool,1,B
57,"Management asked for opportunities to be automatically created for accounts with annual revenue greater than $1,000$. A developer created the following trigger on the Account object to satisfy this requirement. for (Account a: Trigger.new) { if (a.AnnualRevenue > 1000000) { List<Opportunity> oppList = [SELECT Id FROM Opportunity WHERE accountId = :a.Id]if(oppList.size() == 0) { Opportunity oppty = new Opportunity{Name = a.name, StageName = 'Prospecting', CloseDate = system.today ().addDays(30)}insert oppty} } } Users are able to update the account records via the UI and can see an opportunity created for high annual revenue account. However, when the administrator tries to upload a list of 179 accounts using Data Loader, it fails with System.Exception errors. Which two actions should the developer take to fix the code segment shown above?",Move the DML that saves opportunities outside the for loop.,Check if all the required fields for Opportunity are being added on creation.,Use Database.query to query the opportunities.,Query for existing opportunities outside the for loop.,2,"A, D"
58,"In terms of the MVC paradigm, what are two advantages of implementing the view layer of a Salesforce application using Lightning Web Component-based development over Visualforce?",Rich component ecosystem,Server-side run-time debugging,Self-contained and reusable units of an application,Automatic code generation,2,"A, C"
59,A developer has the following requirements: - Calculate the total amount on an Order. - Calculate the line amount for each Line Item based on quantity selected and price. - Move Line Items to a different Order if a Line Item is not in stock. Which relationship implementation supports these requirements on its own?,Line Item has a re-parentable lookup field to Order.,,,,1,A
60,The OrderHelper class is a utility class that contains business logic for processing orders. Consider the following code snippet: public class without sharing OrderHelper{ //code implementation } A developer needs to create a constant named DELIVERY_MULTIPLIER with a value of 4.15. The value of the constant should not change at any time in the code. How should the developer declare the DELIVERY_MULTIPLIER constant to meet   26 the business objectives?,static final decimal DELIVERY_MULTIPLIER = 4.15,decimal DELIVERY_MULTIPLIER = 4.15,static decimal DELIVERY_MULTIPLIER = 4.15,,1,A
61,A developer created a lightning web component called statusComponent to be inserted into the Account record page. Which two things should the developer do to make this component available?,Add <masterLabel>Account</masterLabel> to the statusComponent.js-meta.xml file.,Add <target>Lightning_RecordPage</target> to the statusComponent.js file.,Add <target>Lightning_RecordPage</target> to the statusComponent.js-meta.xml,Set isExposed to true in the statusComponent.js-meta.xml file.,2,"C, D"
62,A developer must create a DrawList class that provides capabilities defined in the Sortable and Drawable interfaces. public interface Sortable{ void sort()} public interface Drawable{ void draw()} Which is the correct implementation?,"public class DrawList implements Sortable, implements Drawable {","public class DrawList implements Sortable, Drawable {","public class DrawList extends Sortable, extends Drawable {",public class DrawList extends SortableSalesforce,1,B
63,A developer is alerted to an issue with a custom Apex trigger that is causing records to be duplicated. What is the most appropriate debugging approach to troubleshoot the issue?,Use the Apex Interactive Debugger to step through the code and identify the issue.,Review the Historical Event logs to identify the source of the issue.,Disable the trigger in production and test to see if the issue still occurs.,Add system.debug statements to the code to track the execution flow and identify,1,D
64,Which two characteristics are true for Lightning Web Component custom events?,Data may be passed in the payload of a custom event using a property called detail.,By default a custom event only propagates to its immediate container and to its,Data may be passed in the payload of a custom event using @wire decorated,By default a custom event only propagates to its immediate container.,2,"A, D"
65,"The following code snippet is executed by a Lightning web component in an environment with more than 2,000 lead records: @AuraEnabled public static void updateLeads() { for(lead thisLead : [SELECT Origin_c FROM Lead]) { thisLead.leadSource = thisLead.Origin_cupdate thisLead} } Which governor limit will likely be exceeded within the Apex transaction?",Total number of records processed as a result of DML statements,Total number of DML statements issued,Total number of records retrieved by SOQL queries,Total number of SOQL queries issued,1,B
66,"Assuming that name is a String obtained by an <apex:inputText> tag on a Visualforce page, which two SOQL queries performed are safe from SOQL injection?",String query = 'SELECT Id FROM Account WHERE Name LIKE '%' + name + '%'',String query = 'SELECT Id FROM Account WHERE Name LIKE '%' +,String query = '%' + name + '%',String query = 'SELECT Id FROM Account WHERE Name LIKE '%' + name.noQuotes(),2,"B, C"
67,"As part of new feature development, a developer is asked to build a responsive application capable of responding to touch events that will be executed on stateful clients. Which two technologies are built on a framework that fully supports the business requirement?",Visualforce Components,Lightning Web Components,Aura Components,Visualforce Pages,2,"B, C"
68,Universal Containers recently transitioned from Classic to Lightning Experience. One of its business processes requires certain values from the Opportunity object to be sent via an HTTP REST callout to its external order management system when the user presses a custom button on the Opportunity detail page. Example values are as follows: ฀ Name ฀ Amount ฀ Account Which two methods should the developer implement to fulfill the business requirement?,"Create a custom Visualforce quick action that performs the HTTP REST callout, and",Create a Remote Action on the Opportunity object that executes an Apex immediate,"Create a Lightning component quick action that performs the HTTP REST callout, and",Create an after update trigger on the Opportunity object that calls a helper method,2,"C, D"
69,"Given the following Apex statement: Account myAccount = [SELECT Id, Name FROM Account]What occurs when more than one Account is returned by the SOQL query?",An unhandled exception is thrown and the code terminates.,"The variable, myAccount, is automatically cast to the List data type.",The first Account returned is assigned to myAccount.,The query fails and an error is written to the debug log.,1,A
70,"""A Salesforce administrator used Flow Builder to create a flow named """"accountOnboarding"""". The flow must be used inside an Aura component. Which tag should a developer use to display the flow in the component?""",lightning-flow,lightning-flow,aura-flow,aura-flow,1,A
71,Which exception type cannot be caught?   31,A custom exception,LimitException,NoAccessException,CalloutException,1,B
72,A developer created a child Lightning web component nested inside a parent Lightning web component. The parent component needs to pass a string value to the child component. In which two ways can this be accomplished?,The parent component can invoke a public method in the child component.,The parent component can use a public property to pass the data to the child,The parent component can use the Apex controller class to send data to the child,The parent component can use a custom event to pass the data to the child,2,"A, B"
73,"Flow Builder uses an Apex action to provide additional information about multiple Contacts, stored in a custom 'ContactInfo'. Which is the correct definition of the Apex method that gets the additional information?",@InvocableMethod(label='Additional Info') public List<ContactInfo> getInfo(List<Id>,@InvocableMethod(label='Additional Info') public ContactInfo getInfo(Id contactId) {,@InvocableMethod(label='Additional Info') public static ContactInfo getInfo(Id,@InvocableMethod(label='Additional Info') public static List<ContactInfo>,1,D
74,"""When a user edits the Postal Code on an Account, a custom Account text field named """"Timezone"""" must be updated based on the values in a 'PostalCodeToTimezone_c' custom object. Which two automation tools can be used to implement this feature?""",Approval process,Quick actions,Fast Field Updates record-triggered flow,Account trigger,2,"C, D"
75,Which statement generates a list of Leads and Contacts that have a field with the phrase 'ACME'?,"List <sObject> searchList = [FIND 'ACME' IN ALL FIELDS RETURNING Contact, Lead]","Map <sObject> searchList = [FIND 'ACME' IN ALL FIELDS RETURNING Contact, Lead]","List<list <sObject>> searchList = [SELECT Name, ID FROM Contact, Lead WHERE","List<list <sObject>> searchList = [FIND 'ACME*' IN ALL FIELDS RETURNING Contact,",1,D
76,Which scenario is valid for execution by unit tests?,Generate a Visualforce PDF with getContentAsPDF().,Execute anonymous Apex as a different user.,Set the created date of a record using a system method.,Load data from a remote site with a callout.,1,C
77,A developer is tasked with building a custom Lightning web component to collect Contact information. The form will be shared among many different types of users in the org. There are security requirements that only certain should be edited and viewed by certain groups of users. What should the developer use in their Lightning Web Component to support the security requirements?,aura-input-field,ui-input-field,lightning-input-field,forca-input-field,1,C
78,A developer is asked to prevent anyone other than a user with Sales Manager profile from changing the Opportunity Status to Closed Lost if the lost reason is blank. Which automation allows the developer to satisfy this requirement in the most efficient manner?,An approval process on the Opportunity object,An Apex trigger on the Opportunity object,A record trigger flow on the Opportunity object,An error condition formula on a validation rule on Opportunity,1,D
79,A developer has a single custom controller class that works with a Visualforce Wizard to support creating and editing multiple sObjects. The wizard accepts data from user inputs across multiple Visualforce pages and from a parameter on the initial URL.   34 Which three statements are useful inside the unit test to effectively test the custom controller?,insert pageRef,public ExtendedController(ApexPages.StandardController cntrl) {,"ApexPages.currentPage().getParameters().put('input','TestValue')",String nextPage = controller.save().getUrl(),2,"C, D"
80,What is an example of a polymorphic lookup field in Salesforce?,The WhatId field on the standard Event object,The ParentId field on the standard Account object,"A custom field, Link_c, on the standard Contact object that looks up to an Account or",The LeadId and ContactId fields on the standard Campaign Member object,1,A
81,"""Consider the following code snippet for a Visualforce page that is launched using a Custom Button on the Account detail page layout. <apex:page standardController = """"Account""""> <!-- additional UI elements --> <apex:commandButton action = """"{!save}"""" value = """"Save""""/> </apex:page> When the Save button is pressed the developer must perform a complex validation that involves multiple objects and, upon success, redirect the user to another Visualforce page. What can the developer use to meet this business requirement?""",Validation Rule,Controller extension,Apex trigger,Custom controller,1,B
82,A development team wants to use a deployment script to automatically deploy to a sandbox during their development cycles. Which two tools can they use to run a script that deploys to a sandbox?,Developer Console,SFDX CLI,Change Sets,VSCode,2,"B, D"
83,Which three steps allow a custom Scalable Vector Graphic (SVG) to be included in a Lightning web component?,Import the static resource and provide a JavaScript property for it.,Reference the import in the HTML template.,Reference the property in the HTML template.,Upload the SVG as a static resource.,3,"A, C, D"
84,Universal Containers wants to back up all of the data and attachments in its Salesforce org once a month. Which approach should a developer use to meet this requirement?,Use the Data Loader command line.,Create a Schedulable Apex class.,Schedule a report.,Define a Data Export scheduled job.,1,D
85,A developer wants to get access to the standard price book in the org while writing a test class that covers an OpportunityLineItem trigger. Which method allows access to the price book?,Use Test.getStandardPricebookId() to get the standard price book ID.,Use Test.loadData() and a static resource to load a standard price book.,Use @IsTest(SeeAllData=true) and delete the existing standard price book.,Use @TestVisible to allow the test method to see the standard price book.,1,A
86,"A company decides to implement a new process where every time an Opportunity is created, a follow up Task should be created and assigned to the Opportunity Owner. What is the most efficient way for a developer to implement this?",Record-triggered flow on Opportunity,Auto-launched flow on Task,Task actions,Apex trigger on Task,1,A
87,"A developer wants to mark each Account in a List<Account> as either Active or Inactive, based on the value in the LastModifiedDate field of each Account being greater than 90 days in the past. Which Apex technique should the developer use?","A for loop, with an if or if/else statement inside","An if-else statement, with a for loop inside","A switch statement, with a for loop inside","A for loop, with a switch statement inside",1,A
88,A custom object Trainer_c has a lookup field to another custom object Gym_c. Which SOQL query will get the record for the Viridian City Gym and all its trainers?,"SELECT Id, (SELECT Id FROM Trainers_c) FROM Gym_c WHERE Name = 'Viridian City","SELECT Id, (SELECT Id FROM Trainers_r) FROM Gym_c WHERE Name = 'Viridian City",SELECT ID FROM Trainer_c WHERE Gym_ r.Name = 'Viridian City Gym',"SELECT Id, (SELECT Id FROM Trainer_c) FROM Gym_c WHERE Name = 'Viridian City",1,D
89,Which annotation should a developer use on an Apex method to make it available to be wired to a property in a Lightning web component?,@AuraEnabled(cacheable=true),@AuraEnabled,@RemoteAction(cacheable=true),@RemoteAction,4,"A, B, D, C"
90,"An Apex method, getAccounts, that returns a list of Accounts given a searchTerm, is available for Lightning Web Components to use. What is the correct definition of a Lightning Web Component property that uses the   38 getAccounts method?","@wire(getAccounts, { searchTerm: 'SearchTerm' }) accountList","@AuraEnabled(getAccounts, 'SearchTerm') accountList","@wire(getAccounts, 'SearchTerm') accountList","@AuraEnabled(getAccounts, { searchTerm: 'SearchTerm' }) accountList",1,A
91,A developer must troubleshoot to pinpoint the causes of performance issues when a custom page loads in their org. Which tool should the developer use to troubleshoot query performance?,Visual Studio Code IDE,AppExchange,Developer Console,Setup Menu,1,C
92,The sales management team at Universal Containers requires that the Lead Source field of the Lead record be populated when a Lead is converted. What should be done to ensure that a user populates the Lead Source field prior to converting a Lead?,Use a validation rule.,Use Lead Conversion field mapping.,Use a formula field.,Create an after trigger on Lead.,1,A
93,"A developer is creating a page that allows users to create multiple Opportunities. The   39 developer is asked to verify the current user's default Opportunity record type, and set certain default values based on the record type before inserting the record. How can the developer find the current user's default record type?",Query the Profile where the ID equals `userInfo.getProfileID()` and then use the,Use the `Schema.userInfo.Opportunity.getDefaultRecordType()` method.,Use `opportunity.SObjectType.getDescribe().getRecordTypeInfos()` to get a list of,"Create the opportunity and check the `opportunity.recordType`, which will have the",1,C
94,What are two ways a developer can get the status of an enqueued job for a class that implements the queueable interface?,Query the AsyncApexJob object,View the Apex Jobs page,View the Apex Flex Queue,View the Apex Status page,2,"A, B"
95,"A credit card company needs to implement the functionality for a service agent to process damaged or stolen credit cards. When the customers call in, the service agent must gather many pieces of information. A developer is tasked to implement this functionality. What should the developer use to satisfy this requirement in the most efficient manner?",Apex trigger,Lightning Component,Approval process,Screen-based flow,1,D
96,A developer creates a custom exception as shown below: public class ParityException extends Exception {} What are two ways the developer can fire the exception in Apex?,new ParityException('parity does not match'),throw new ParityException('parity does not match'),throw new ParityException(),new ParityException(),2,"B, C"
97,Which statement describes the execution order when triggers are associated to the same object and event?,Triggers are executed in the order they are modified.,Trigger execution order cannot be guaranteed.,Triggers are executed alphabetically by trigger name.,Triggers are executed in the order they are created.,1,B
98,"While developing an Apex class with custom search functionality that will be launched from a Lightning Web Component, how can the developer ensure only records accessible to the currently logged in user are displayed?",Use the 'with sharing' keyword.,Use the 'inherited sharing' keyword.,Use the 'without sharing' keyword.,Use the WITH_SECURITY_ENFORCED clause within the SOQL.,1,A
99,"A developer is tasked to perform a security review of the ContactSearch Apex class that exists in the system. Within the class, the developer identifies the following method as a security threat: List<Contact> performSearch(String lastName){ return Database.query('SELECT Id, FirstName, LastName FROM Contact WHERE LastName Like '%'+lastName+'%'')} What are two ways the developer can update the method to prevent a SOQL injection attack?",Use the escapeSingleQuotes method to sanitize the parameter before its use.,Use the @ReadOnly annotation and the with sharing keyword on the class.,Use variable binding and replace the dynamic query with a static SOQL.,,2,"A, C"
100,What should a developer do to check the code coverage of a class after running all tests?,View the Code Coverage column in the list view on the Apex Classes page.,Select and run the class on the Apex Test Execution page in the Developer Console.,View the code coverage percentage for the class using the Overall Code Coverage,View the Class Test Percentage tab on the Apex Class list view in Salesforce Setup.,1,C
101,Universal Containers is developing a new Lightning web component for their marketing department. They want to ensure that the component is fine tuned and provides a   42 seamless user experience. What are some benefits of using the Lightning Component framework?,Automatic support for accessibility standards,Easy integration with third-party libraries,Compatibility with all web browsers,Better performance due to client-side rendering,3,"A, B, D"
102,What are two considerations for deploying from a sandbox to production?,Should deploy during business hours to ensure feedback can be quickly addressed.,All triggers must have at least one line of test coverage.,At least 75% of Apex code must be covered by unit tests.,Unit tests must have calls to the System.assert method.,2,"C, D"
103,Which statement should be used to allow some of the records in a list of records to be inserted if others fail to be inserted?,"Database.insert(records, false)",insert records,"insert (records, false)","Database.insert(records, true)",1,A
104,"Given the following Anonymous block: List<Case> casesToUpdate = new List<Case>()for(Case thisCase : [SELECT Id, Status FROM Case LIMIT 50000]){   43 thisCase.Status = 'Working'casesToUpdate.add(thisCase)} try{ Database.update(casesToUpdate, false)}catch(Exception e){ System.debug(e.getMessage())} What should a developer consider for an environment that has over 10,000 Case records? The try-catch block will handle any DML exceptions thrown.",The transaction will fail due to exceeding the governor limit.,The try-catch block will handle exceptions thrown by governor limits.,The transaction will succeed and changes will be committed.,,1,B
105,A developer needs to prevent the creation of Request_c records when certain conditions exist in the system. A RequestLogic class exists that checks the conditions. What is the correct implementation?,trigger RequestTrigger on Request_c (after insert),trigger RequestTrigger on Request_c (after insert) {if (RequestLogic.isValid(Request_c)),trigger RequestTrigger on Request_c (before insert) {if,trigger RequestTrigger on Request_c (before insert),1,D
106,"A custom Visualforce controller calls the 'ApexPages.addMessage()' method, but no messages are rendering on the page. Which component should be added to the Visualforce page to display the message?","""<apex:facename = """"messages""""/>""",<apex:pageMessages/>,"""<apex:pageMessage severity = """"info""""/>""","""<apex:message for = """"info""""/>""",1,B
107,Universal Containers has a large number of custom applications that were built using a third-party JavaScript framework and exposed using Visualforce pages. The company wants to update these applications to apply styling that resembles the look and feel of Lightning Experience. What should the developer do to fulfill the business request in the quickest and most effective manner?,Set the attribute enableLightning to true in the definition.,Rewrite all Visualforce pages as Lightning components.,Incorporate the Salesforce Lightning Design System CSS stylesheet into the JavaScript,"Enable Available for Lightning Experience, Lightning Communities, and the mobile",1,C
108,How can a developer check the test coverage of autolaunched Flows before deploying them in a change set?,Use the Flow Properties page.,Use SOQL and the Tooling API.,Use the 'ApexTestResult' class.,Use the Code Coverage Setup page.,1,A
109,"Consider the following code snippet: public static List<Lead> obtainAllFields(Set<Id> leads){ List<Lead> result = new List<Lead>()for(Id leadId : leads){ result.add([SELECT FIELDS(STANDARD) FROM Lead WHERE Id = :leadId])} return result} Given the multi-tenant architecture of the Salesforce platform, what is a best practice a developer should implement and ensure successful execution of the method?",Avoid using variables as query filters.,Avoid performing queries inside for loops.,Avoid executing queries without a limit clause.,Avoid returning an empty List of records.,1,B
110,A software company uses the following objects and relationships: ฀ Case: to handle customer support issues ฀ Defect_c: a custom object to represent known issues with the company's software ฀ Case_Defect_c: a junction object between Case and Defect_c to represent that a defect is a cause of a customer issue Case and Defect_c have Private organization-wide defaults. What should be done to share a specific Case_Defect_c record with a user?   46,Share the parent Case record.,Share the parent Defect_c record.,Share the Case_Defect_c record.,Share the parent Case and Defect__c records.,1,D
111,"The values 'High', 'Medium', and 'Low' are identified as common values for multiple picklists across different objects. What is an approach a developer can take to streamline maintenance of the picklists and their values, while also restricting the values to the ones mentioned above?",Create the Picklist on each object and use a Global Picklist Value Set containing the,Create the Picklist on each object and add a validation rule to ensure data integrity.,"""Create the Picklist on each object and select """"Restrict picklist to the values defined in""","""Create the Picklist on each object as a required field and select """"Display values""",1,A
112,"A Lightning component has a wired property, 'searchResults', that stores a list of Opportunities. Which definition of the Apex method, to which the 'searchResults' property is wired, should be used?",@AuraEnabled(cacheable=false),@AuraEnabled(cacheable=true),@AuraEnabled(cacheable=true),@AuraEnabled(cacheable=false),1,B
113,"Cloud Kicks Fitness, an ISV Salesforce partner, is developing a managed package application. One of the application modules allows the user to calculate body fat using the Apex class, BodyFat, and its method, calculateBodyFat(). The product owner wants to ensure this method is accessible by the consumer of the application when developing customizations outside the ISV's package namespace. Which approach should a developer take to ensure calculateBodyFat() is accessible outside the package namespace?",Declare the class and method using the public access modifier.,Declare the class and method using the global access modifier.,Declare the class as public and use the global access modifier on the method.,Declare the class as global and use the public access modifier on the method.,1,C
114,"A software company is using Salesforce to track the companies they sell their software to in the Account object. They also use Salesforce to track bugs in their software with a custom object, Bug_c. As part of a process improvement initiative, they want to be able to report on which companies have reported which bugs. Each company should be able to report multiple bugs and bugs can also be reported by multiple companies. What is needed to allow this reporting?",Roll-up summary field of Bug_c on Account,Lookup field on Bug_c to Account,Master-detail field on Bug_c to Account,Junction object between Bug_c and Account,1,D
115,Universal Containers wants to automatically assign new cases to the appropriate support representative based on the case origin. They have created a custom field on the Case object to store the support representative name. What is the best solution to assign the case to the appropriate support representative?,Use a formula field on the Case object.,Use a trigger on the Case object.,Use a validation rule on the Case object.,Use an Assignment Flow element.,1,D
116,"Universal Containers (UC) uses a custom object called Vendor. The Vendor custom object has a master-detail relationship with the standard Account object. Based on some internal discussions, the UC administrator tried to change the master detail relationship to a lookup relationship, but was not able to do so. What is a possible reason that this change was not permitted?",The Account object has a roll-up summary field on the Vendor object.,The Account object does not allow changing a field type for a custom field.,Some of the Vendor records have null for the Account field.,The organization wide default for the Vendor object is Public Read/Write.,1,A
117,"What is the result of the following code? Account a = new Account()Database.insert(a, false)  49",The record will be created and no error will be reported.,The record will not be created and an exception will be thrown.,The record will not be created and no error will be reported.,The record will be created and a message will be in the debug log.,1,C
118,"A developer at AW Computing is tasked to create the supporting test class for a programmatic customization that leverages records stored within the custom object, 'Pricing_Structure_c'. AW Computing has a complex pricing structure for each item on the store, spanning more than 500 records. Which two approaches can the developer use to ensure 'Pricing_Structure_c' records are available when the test class is executed? Choose 2 answers",Use the 'Test.loadData()' method.,Use 'without sharing' on the class declaration.,Use the '@IsTest(seeAllData=true)' annotation.,Use a Test Data Factory class.,2,"A, D"
119,What is the result of the following code snippet? public void doWork(Account act){ for (Integer i = 0i <= 200i++) { insert act},0 Accounts are inserted.,1 Account is inserted.,200 Accounts are inserted.,201 Accounts are inserted.,1,A
120,"When using Salesforce DX, what does a developer need to enable to create and manage scratch orgs?",Environment Hub,Dev Hub,Sandbox,Production,1,B
121,"A developer must create a Lightning component that allows users to input Contact record information to create a Contact record, including a Salary__c custom field. What should the developer use, along with a lightning-record-edit-form, so that Salary__c field functions as a currency input and is only viewable and editable by users that have the correct field level permissions on Salary__c?","""<lightning-input type=""""number"""" value=""""Salary__c""""""","""<lightning-input-currency value=""""Salary__c""""></lightning-input-currency>""","""<lightning-input-field field-name=""""Salary__c""""></lightning-input-field>""","""<lightning-formatted-number value=""""Salary__c"""" format-""",1,C
122,What can be easily developed using the Lightning Component framework?,Salesforce Classic user interface pages,Salesforce Integrations,Lightning Pages,Customized JavaScript buttons,1,C
123,"While writing an Apex class, a developer wants to make sure that all functionality being developed is handled as specified by the requirements. Which approach should the developer use to be sure that the Apex class is working according to specifications?",Create a test class to execute the business logic and run the test in the Developer,Run the code in an Execute Anonymous block in the Developer Console.,Include a try/catch block to the Apex class.,Include a savepoint and 'Database.rollback()'.,1,A
124,Universal Containers wants to assess the advantages of declarative development versus programmatic customization for specific use cases in its Salesforce implementation. What are two characteristics of declarative development over programmatic customization? Choose 2 answers,Declarative development does not require Apex test classes.,Declarative development can be done using the Setup menu.,Declarative code logic does not require maintenance or review.,Declarative development has higher design limits and query limits.,2,"A, B"
125,  52 How does the Lightning Component framework help developers implement solutions faster?,By providing device-awareness for mobile and desktops,By providing an Agile process with default steps,By providing change history and version control,By providing code review standards and processes,1,A
126,"A developer created a custom order management app that uses an Apex class. The order is represented by an Order object and an OrderItem object that has master-detail relationship to Order. During order processing, an order may be split into multiple orders. What should a developer do to allow their code to move some existing OrderItem records to a new Order record?",Add without sharing to the Apex class declaration.,Select the Allow reparenting option on the master-detail relationship.,Change the master detail relationship to an external lookup relationship.,Create a junction object between OrderItem and Order.,1,B
127,A lead developer creates an Apex interface called 'Laptop'. Consider the following code snippet: public class SilverLaptop{ //code implementation } How can a developer use the 'Laptop' interface within the 'SilverLaptop' class?,"""@Extends(class=""""Laptop"""") public class SilverLaptop""","""@Interface(class=""""Laptop"""") public class SilverLaptop""",public class SilverLaptop implements 'Laptop',public class SilverLaptop extends 'Laptop',1,C
128,A developer wrote Apex code that calls out to an external system using REST API. How should a developer write the test to prove the code is working as intended?,Write a class that implements 'WebServiceMock'.,Write a class that extends 'WebServiceMock'.,Write a class that extends 'HTTPCalloutMock'.,Write a class that implements 'HTTPCalloutMock'.,1,D
129,"Universal Containers (UC) is developing a process for their sales teams that requires all sales reps to go through a set of scripted steps with each new customer they create. In the first step of collecting information, UC's ERP system must be checked via a REST endpoint to see if the customer exists. If the customer exists, the data must be presented to the sales rep in Salesforce. Which two should a developer implement to satisfy the requirements? Choose 2 answers",Trigger,Invocable method,Future method,Flow,2,"B, D"
130,A developer must provide custom user interfaces when users edit a Contact in either Salesforce Classic or Lightning Experience. What should the developer use to override the Contact's Edit button and provide this functionality?,Visualforce page in Salesforce Classic and a Lightning page in Lightning Experience,Lightning page in Salesforce Classic and a Visualforce page in Lightning Experience,Lightning component in Salesforce Classic and a Lightning component in Lightning,Visualforce page in Salesforce Classic and a Lightning component in Lightning,1,A
131,What should a developer use to script the deployment and unit test execution as part of continuous integration?,Salesforce CLI,Developer Console,Execute Anonymous,VS Code,1,A
132,"A developer considers the following snippet of code: Boolean iOK = falseInteger xString theString = 'Hello'if (iOK == false && theString == 'Hello'){ x = 1} else if (iOK == true && theString == 'Hello'){ x = 2} else if (iOK != null && theString == 'Hello'){ x = 3} else { x = 4} Based on this code, what is the value of x?",4,3,2,1,1,D
133,"A PrimaryId_c custom field exists on the Candidate_c custom object. The field is used to store each candidate's id number and is marked as Unique in the schema definition. As part of a data enrichment process, Universal Containers has a CSV file that contains updated data for all candidates in the system. The file contains each Candidate's primary id as a data point. Universal Containers wants to upload this information into Salesforce, while ensuring all data rows are correctly mapped to a candidate in the system. Which technique should the developer implement to streamline the data upload?",Upload the CSV into a custom object related to Candidates_c.,Create a before save flow to correctly map the records.,Create a before insert trigger to correctly map the records.,Update the PrimaryId_c field definition to mark it as an External Id.,1,D
133,"Considering the following code snippet: public static void insertAccounts(List<Account> theseAccounts){ for(Account thisAccount : theseAccounts){ if(thisAccount.website == null){ thisAccount.website = 'https://www.demo.com'} } update theseAccounts}   56 When the code executes, a DML exception is thrown. How should a developer modify the code to ensure exceptions are handled graceful!",Implement the `up**** DML statement`.,Remove null items from the list of Accounts`.,Implement Change Data Capture`. D. Implement a try/catch block for the DML.,Implement a try/catch block for the DML.,1,D
133,How many Accounts will be inserted by the following block of code? for(Integer i = 0i < 500i++) { Account a = new Account (Name='New Account ' + i)insert a},0,100,500,150,1,A
133,"The Job_Application__c custom object has a field that is a master-deta relationship to the Contact object, where the Contact object is the master. As part of a feature implementation, a developer needs to retrieve a list containing Contact records where the related Account Industry is 'Technology', while also retrieving the Contact's Job_Application__c records. Based on the object's relationships, what is the most efficient statement to retrieve the list of Contacts?","[SELECT Id, (SELECT Id FROM Job_Application__c) FROM Contact WHERE","[SELECT Id, (SELECT Id FROM Job_Application__c) FROM Contact WHERE","[SELECT Id, (SELECT Id FROM Job_Application__r) FROM Contact WHERE",,1,D
136,A developer must implement a CheckPaymentProcessor class that provides check processing payment capabilities that adhere to what is defined for payments in the PaymentProcessor interface. public interface PaymentProcessor{ void pay(Decimal amount)} Which implementation is correct to use the PaymentProcessor interface?,Public class CheckPaymentProcessor implements PaymentProcessor {,Public class CheckPaymentProcessor implements PaymentProcessor {,Public class CheckPaymentProcessor extends PaymentProcessor {,Public class CheckPaymentProcessor extends PaymentProcessor {,1,A
137,  58 A developer must write an Apex method that will be called from a Lightning component. The method may delete an Account stored in the accountRec variable. Which method should a developer use to ensure only users that should be able to delete Accounts can successfully perform deletions?,accountRec.isDeleteable(),Schema.sObjectType.Account.isDeleteable(),Account.isDeleteable(),accountRec.sObjectType.isDeleteable(),1,B
138,"A developer creates a Lightning web component that imports a method within an Apex class. When a Validate button is pressed, the method runs to execute complex validations. In this implementation scenario, which two options are part of the Controller according to the MVC architecture? Choose 2 answers",JavaScript file,XML file,Apex class,HTML file,2,"A, C"
139,"A developer writes a trigger on the Account object on the before update event that increments a count field. A record triggered flow also increments the count field every time that an Account is created or updated. What is the value of the count field if an Account is inserted with an initial value of zero, assuming no other automation logic is implemented on the Account?",2,3,4,1,1,A
140,"Universal Containers (UC) uses out-of-the-box order management, that has a Master- Detail relationship between Order and Order Line Item. Which method should be used to calculate the estimated ship date for an Order?",Use a LATEST formula on each of the latest availability date fields.,Use a DAYS formula on each of the availability date fields and a COUNT Roll Up,Use a MAX Roll-Up Summary field on the latest availability date fields.,Use a CEILING formula on each of the latest availability date fields.,1,C
141,"When importing and exporting data into Salesforce, which two statements are true? Choose 2 answers",Bulk API can be used to import large data volumes in development environments,Data import wizard is an application that is installed on your computer.,Bulk API can be used to bypass the storage limits when importing large data volumes,Development and Developer Pro sandboxes have different storage limits.,2,"A, D"
142,  60 Which three code lines are required to create a Lightning component on a Visualforce page? Choose 3 answers,Lightning.createComponent,<span/>,Lightning.use,Lightning.useComponent,3,"A, B, C"
143,Which two statements are true about using the @TestSetup annotation in an Apex test class? Choose 2 answers,"In a test setup method, test data is inserted once and made available for all test",Records created in the test setup method cannot be updated in individual test,A method defined with the @testSetup annotation executes once for each test,The @testSetup annotation is not supported when the @isTest(SecAllData=True),2,"A, D"
144,"A Next Best Action strategy uses an Enhance element that invokes an Apex method to determine a discount level for a Contact, based on a number of factors. What is the correct definition of the Apex method?",@InvocableMethod global static List<Recommendation>,@InvocableMethod global List<List<Recommendation>>,@InvocableMethod global Recommendation getLevel(ContactWrapper input) {,@InvocableMethod global static List<List<Recommendation>>,1,D
145,A developer is migrating a Visualforce page into a Lightning web component. The Visualforce page shows information about a single record. The developer decides to use Lightning Data Service to access record data. Which security consideration should the developer be aware of?,The `sakcessable()` method must be used for field-level access checks.,Lightning Data Service handles sharing rules and field-level security.,The `with` `sharing` keyword must be used to enforce sharing rules.,Lightning Data Service ignores field-level security.,1,B
146,A developer creates a batch Apex job to update a large number of records and receives reports of the job timing out and not completing. What is the first step towards troubleshooting the issue?,Check the asynchronous job monitoring page to view the job status and logs.,Check the debug logs for the batch job.,Disable the batch job and recreate it with a smaller number of records.,Decrease the batch size to reduce the load on the system.,1,A
147,  62 What are two benefits of using External IDs? Choose 2 answers,An External ID field can be used to reference an ID from another external system.,An External ID can be a formula field to help create a unique key from two fields in,An External ID can be used with Salesforce Mobile to make external data visible.,An External ID is indexed and can improve the performance of SOQL queries.,2,"A, D"
148,A developer completed modifications to a customized feature that is comprised of two elements: ฀ Apex trigger ฀ Trigger handler Apex class What are two factors that the developer must take into account to properly deploy the modification to the production environment? Choose 2 answers,All methods in the test classes must use 'assert'.,At least one line of code must be executed for the Apex trigger.,At least 75% of Apex code must be covered by unit tests.,The Apex trigger must be included in a Change Set.,2,"A, C"
149,A developer needs to make a custom Lightning Web Component available in the Salesforce Classic user interface. Which approach can be used to accomplish this?,Wrap the Lightning Web Component in an Aura Component and surface the Aura,Embed the Lightning Web Component in a Visualforce Component and add directly,Use a Visualforce page with a custom controller to invoke the Lightning Web,Use the Lightning Out JavaScript library to embed the Lightning Web Component in a,1,A
150,A developer wants to improve runtime performance of Apex calls by caching results on the client. What is the most efficient way to implement this and follow best practices?,Call the 'setStorable()' method on the action in the JavaScript client-side code.,Decorate the server-side method with '@AuraEnabled(cachedAlert=true)'.,Decorate the server-side method with '@AuraEnabled(storable=true)'.,Set a cookie in the browser for use upon return to the page.,1,C
151,"""A lead developer creates a virtual class called """"OrderRequest"""". Consider the following code snippet: public class CustomerOrder{ //code implementation } How can a developer use the OrderRequest class within the CustomerOrder class?""",public class CustomerOrder implements Order,public class CustomerOrder extends OrderRequest,"""@Extends(class=""""OrderRequest"""") public class CustomerOrder""","""@Implements(class=""""OrderRequest"""") public class CustomerOrder""",1,B
152,  64 The Account object in an organization has a master-detail relationship to a child object called Branch. The following automations exist: ฀ Roll up summary fields ฀ Custom validation rules ฀ Duplicate rules A developer created a trigger on the Account object. Which two things should the developer consider while testing the trigger code? Choose 2 answers,The validation rules will cause the trigger to fire again.,Rollup summary fields can cause the parent record to go through Save.,The trigger may fire multiple times during a transaction.,Duplicate rules are executed once all DML operations commit to the database.,2,"B, C"
153,Which Lightning Web Component custom event property settings enable the event to bubble up the containment hierarchy and cross the Shadow DOM boundary?,"bubbles: true, composed: true","bubbles: true, composed: false","bubbles: false, composed: false","bubbles: false, composed: true",1,A
154,An org has an existing flow that edits an Opportunity with an Update Records element. A developer must update the flow to also create a Contact and store the created Contact's ID on the Opportunity. Which update must the developer make in the flow?,Add a new Update Records element.,Add a new Create Records element.,Add a new Get Records element.,Add a new Roll Back Records element.,1,B
155,Which three data types can a SOQL query return? Choose 3 answers,Object,Double,Long,List,2,"A, D"
156,"A team of developers is working on a source-driven project that allows them to work independently, with many different org configurations. Which type of Salesforce orgs should they use for their development?",Developer sandboxes,Developer orgs,Scratch orgs,Full Copy sandboxes,1,C
157,Which two are best practices when it comes to Aura component and application event handling? Choose 2 answers,"Reuse the event logic in a component bundle, by putting the logic in the helper.",Handle low-level events in the event handler and re-fire them as higher-level events.,Try to use application events as opposed to component events.,Use component events to communicate actions that should be handled at the,2,"A, B"
158,"Universal Containers has implemented an order management application. Each Order can have one or more Order Line items. The Order Line object is related to the Order via a master-detail relationship. For each Order Line item, the total price is calculated by multiplying the Order Line item price with the quantity ordered. What is the best practice to get the sum of all Order Line item totals on the Order record?",Roll-up summary field,Formula field,Quick action,Apex trigger,1,A
159,What are three considerations when using the @InvocableMethod annotation in Apex? Choose 3 answers,Only one method using the @InvocableMethod annotation can be defined per Apex,A method using the @InvocableMethod annotation must be declared as static.,A method using the @InvocableMethod annotation can be declared as Public or,A method using the @InvocableMethod annotation can have multiple input,3,"A, B, C"
160,What should be used to create scratch orgs?,Workbench,Salesforce CLI,Developer Console,Sandbox refresh,1,B
161,"Universal Containers (UC) processes orders in Salesforce in a custom object, order_c. They also allow sales reps to upload CSV files with thousands of orders at a time. A developer is tasked with integrating orders placed in Salesforce with UC's enterprise resource planning (ERP) system. After the status for an order_c is first set to 'Placed', the order information must be sent to a REST endpoint in the ERP system that can process one order at a time. What should the developer implement to accomplish this?",Callout from a queueable class called from a trigger,Callout from a batchable class called from a scheduled job,Flow with a callout from an invocable method,Callout from an instantaneous method called from a trigger,1,A
162,A developer needs to implement a custom SOAP Web Service that is used by an external Web Application. The developer chooses to include helper methods that are not used by the Web Application in the implementation of the Web Service Class. Which code segment shows the correct declaration of the class and methods?,global class webserviceclass { private static Boolean betweenhead() { /*,webservice class webserviceclass { private static Boolean betweenhead() {,webservice class webserviceclass { private static Boolean betweenhead() {,global class webserviceclass { private static Boolean betweenhead() { / implementation,1,C
163,How should a developer write unit tests for a private method in an Apex class?,Use the @TestVisible annotation.,Add a test method in the Apex class.,Mark the Apex class as global.,Use the @TestSetup annotation.,1,A
164,What is the value of the Trigger.old context variable in a before insert trigger?,An empty list of sObjects,Undefined,Null,A list of newly created sObjects without IDs,1,A
165,Universal Containers decided to transition from Classic to Lightning Experience. They asked a developer to replace a JavaScript button that was being used to create records with prepopulated values. What can the developer use to accomplish this?,Validation rules,Apex Triggers,Record triggered flows,Quick Actions,1,D
166,Universal Containers has developed custom Apex code and Lightning Components in a Sandbox environment. They need to deploy the code and associated configurations to the Production environment. What is the recommended process for deploying the code and configurations to Production?,Use the Force.com IDE to deploy the Apex code and Lightning Components.,Use the Ant Migration Tool to deploy the Apex code and Lightning Components.,Use a change set to deploy the Apex code and Lightning Components.,Use Salesforce CLI to deploy the Apex code and Lightning Components.,1,C
167,"Universal Containers has a Visualforce page that displays a table of every Container_c being rented by a given Account. Recently this page is failing with a view state limit because some of the customers rent over 10,000 containers. What should a developer change about the Visualforce page to help with the page load errors?",Implement pagination with an OffsetController.,Implement pagination with a StandardSetController.,Use JavaScript remoting with SOQL Offset.,Use lazy loading and a transient List variable.,1,B
168,"A developer created a trigger on a custom object. This custom object also has some dependent picklists.   70 According to the order of execution rules, which step happens first?",The original record is loaded from the database.,System validation is run for maximum field lengths.,Old values are overwritten with the new record values.,JavaScript validation is run in the browser.,1,D
169,"Universal Containers implemented a private sharing model for the Account object. A custom Account search tool was developed with Apex to help sales representatives find accounts that match multiple criteria they specify. Since its release, users of the tool report they can see Accounts they do not own. What should the developer use to enforce sharing permissions for the currently logged in user while using the custom search tool?",Use the 'with sharing' keyword on the class declaration.,Use the 'without sharing' keyword on the class declaration.,Use the Schema class to filter all SOQL queries to returned records owned by the,Use the Schema describe calls to determine if the logged-in user has access to the,1,A
170,Universal Containers is building a recruiting app with an Applicant object that stores information about an individual person and a Job object that represents a job. Each applicant may apply for more than one job. What should a developer implement to represent that an applicant has applied for a job?,Junction object between Applicant and Job,Lookup field from Applicant to Job,Master-detail field from Applicant to Job,Formula field on Applicant that references Job,1,A
171,"A business has a proprietary Order Management System (OMS) that creates orders from its website and fulfills the orders. When the order is created in the OMS, an integration also creates an order record in Salesforce and relates it to the contact as identified by the email on the order. As the order goes through different stages in the OMS, the integration also updates it in Salesforce. The business notices that each update from the OMS creates a new order record in Salesforce. Which two actions should prevent the duplicate order records from being created in Salesforce? Choose 2 answers",Use the order number from the OMS as an external ID.,Ensure that the order number in the OMS is unique.,Use the email on the contact record as an external ID.,Write a trigger on the Order object to delete the duplicates.,2,"A, B"
172,"""Managers at Universal Containers want to ensure that only decommissioned containers are able to be deleted in the system. To meet the business requirement a Salesforce developer adds """"Decommissioned"""" as a picklist value for the 'Status_c' custom field within the 'Container_c' object. Which two approaches could a developer use to enforce only Container records with a status of """"Decommissioned"""" can be deleted? Choose 2 answers""",Seller record triggers flow,After querying,After record triggers flow,Validate rule,2,"B, C"
173,A developer must perform a complex SOQL query that joins two objects in a Lightning component. How can the Lightning component execute the query?,Create a custom Lightning web component wrapper to execute the query and invoke,Invoke an Apex class with the method annotated as @AuraEnabled to perform the,Use the Salesforce Streaming API to perform the SOQL query.,Create a flow to execute the query and invoke from the Lightning component.,1,B
174,Universal Containers wants a list button to display a Visualforce page that allows users to edit multiple records. Which Visualforce feature supports this requirement?,Standard Controller with Custom List Controller extension,Custom List Controller with recordSetVar page attribute,Controller Extension and <apex:button> tag,Standard controller and the recordSetVar page attribute,1,D
175,"""A developer creates a new Apex trigger with a helper class, and writes a test class that only exercises 95% coverage of the new Apex helper class. Change Set deployment to production fails with the test coverage warning:   73 """"Test coverage of selected Apex Trigger is 0%, at least 1% test coverage is required."""" What should the developer do to successfully deploy the new Apex trigger and helper class?""",Increase the test class coverage on the helper class.,Create a test class and methods to cover the Apex trigger.,Remove the failing test methods from the test class.,Run the tests using the 'Run All Tests' method.,1,B
176,A developer is designing a new application on the Salesforce platform and wants to ensure it can support multiple tenants effectively. Which design framework should the developer consider to ensure scalability and maintainability?,Waterfall Model,MVC (Model-View-Controller),Model-View-Composite (MVC),Agile Development,1,B
177,"""What should a developer use to obtain the Id and Name of all the Leads, Accounts, and Contracts that have the company name """"Universal Containers""""?""","""FIND """"Universal Containers"""" IN ALL FIELDS RETURNING Lead(Id, Name), Account(Id,""","""FIND """"Lead(Id, Name), Account(Id, Name), Contract(Id, Name) FROM SALA WHERE""","""FIND """"Universal Containers"""" IN Name Fields RETURNING Lead(Id, Name), Account(Id,""","""FIND """"Lead(Id, Name), Account(Id, Name), Contract(Id, Name) FROM Lead, Account,""",1,A
178,What are two considerations for running a flow in debug mode? Choose 2 answers,Configure external registers as set command when debugging a flow.,Use open-source and parallel tasks where the debugging ends.,Input variable of type record cannot be passed into the flow.,Clicking Pause or executing a Pause element closes the flow and ends debugging.,2,"C, D"
179,"Since Aura application events follow the traditional publish-subscribe model, which method is used to fire an event?",fire(),replaceState(),startOut(),publish(),1,A
184,  76 A developer deployed a trigger to update the status_c of Assets related to an Account when the Account's status changes and a nightly integration that updates Accounts in bulk has started to fail with limit failures. [Code snippet in document] What should the developer change about the code to address the failure while still having the code update all of the Assets correctly?,Change the getAssetsToUpdate method to process all Accounts in one call and call it,Add a LIMIT clause to the SOQL Query on line 16 to limit the number of Assets,Move all of the logic to a @future method that queries for and updates the Assets,Perform the SOQL query for Assets on line 14 and iterate over the assets list in the for,1,A
185,"When using Salesforce DX, what does a developer need to enable to create and manage scratch orgs?",Production,Dev Hub,Sandbox,Environment Hub,1,B
186,Which code in a Visualforce page and/or controller might present a security vulnerability?,"""<apex:outputText value=""""{!get.userinput}"""" escape=""""false""""/>""","""<apex:outputText value=""""{!get.userinput}"""" escape=""""true""""/>""","""<apex:outputText value=""""{!$CurrentPage.parameters.userinput}"""" escape=""""true""""/>""","""<apex:outputText value=""""{!$CurrentPage.parameters.userinput}"""" escape=""""false""""/>""",1,D
187,"A developer identifies the following triggers on the 'Expense_c' object: deleteExpense, applyDefaultsToExpense, validateExpenseUpdateThe triggers process before delete, before insert, and before update events respectively. Which two techniques should the developer implement to ensure trigger best practices are followed? Choose 2 answers",Create helper classes to execute the appropriate logic when a record is saved.,Remove the before insert and before update triggers and use Flows for the delete,Combine all three triggers into a single trigger on the 'Expense_c' object that includes,"Maintain all three triggers on the 'Expense_c' object, but move the business logic out",2,"A, C"
188,"Universal Hiring uses Salesforce to capture job applications. A Salesforce administrator created two custom objectsJob_c' acting as the master object, 'Job_Application_c' acting as the detail. Within the 'Job_c' object, a custom multi-select picklist, 'Preferred_Locations_c', contains a list of approved states for the position. Each 'Job_Application_c' record relates to a Contact within the system through a master-detail relationship. Recruiters have requested the ability to view whether the Contact's Mailing State value matches a value selected on the 'Preferred_Locations_c' field, within the 'Job_Application_c' record. Recruiters would like this value to be kept in sync if changes occur to the Contact's Mailing State.   78 What is the recommended tool a developer should use to meet the business requirement?",Roll-up summary field,Apex trigger,Formula field,Record-trigered flow,1,C
189,Which two are phases in the Aura application event propagation framework? Choose 2 answers,Emit,Default,Bubble,Control,2,"B, C"
190,A developer needs to allow users to complete a form on an Account record that will create a record for a custom object. The form needs to display different fields depending on the user's job role. The functionality should only be available to a small group of users. Which three things should the developer do to satisfy these requirements?,Create a Custom Permission for the users.,Create a Lightning web component.,Add a Dynamic Action to the Users' assigned Page Layouts.,Create a Dynamic Form.,3,"A, B, D"
191,"A developer created this Apex trigger that calls MyClass.myStaticMethod: trigger myTrigger on Contact (before insert) { MyClass.myStaticMethod(trigger.new)} The developer creates a test class with a test method that calls MyClass.myStaticMethod directly, resulting in 81% overall code coverage. What happens when the developer tries to deploy the trigger and two classes to production, assuming no other code exists?",The deployment passes because both classes and the trigger were included in the,The deployment fails because no assertions were made in the test method.,The deployment fails because the Apex trigger has no code coverage.,The deployment passes because the Apex code has the required >75% code,1,C
192,"A developer created a new after insert trigger on the Lead object that creates Task records for each Lead. After deploying to production, an existing outside integration that inserts Lead records in batches to Salesforce is occasionally reporting total batch failures being caused by the Task insert statement. This causes the integration process in the outside system to stop, requiring a manual restart. Which change should the developer make to allow the integration to continue when some records in a batch cause failures due to the Task insert statement, so that manual restarts are not needed?",Use the Database method with allOrNone set to false.,Remove the Apex class from the integration user's profile.,Use a try-catch block after the insert statement.,Deactivate the trigger before the integration runs.,1,A
193,A developer is working on a project to import data from an external system into Salesforce. The data contains sensitive information that should not be visible to all users in Salesforce. What should the developer do to ensure that the data is secure?,Use the Salesforce CLI to import the data and set up user permissions to restrict,Use the Apex Data Loader to import the data and write Apex code to handle security,Use a third-party tool to encrypt the sensitive data before importing it into Salesforce.,Use the Data Import Wizard to import the data and set up field-level security to,1,D
194,"A developer is implementing an Apex class for a financial system. Within the class, the variables 'creditAmount' and 'debitAmount' should not be able to change once a value is assigned. In which two ways can the developer declare the variables to ensure their value can only be assigned one time?",Use the static keyword and assign its value in a static initializer.,Use the final keyword and assign its value when declaring the variable.,Use the final keyword and assign its value in the class constructor.,Use the static keyword and assign its value in the class constructor.,2,"B, C"
195,"""How is a controller and extension specified for a custom object named """"Notice"""" on a Visualforce page?""","""<apex:page standardController=""""Notice"""" extensions=""""myControllerExtension"""">""","""<apex:page controller=""""Notice_c"""" extensions=""""myControllerExtension"""">""","""<apex:page = """"Notice"""" extends=""""myControllerExtension"""">""","""<apex:page controllers = """"Notice, myControllerExtension"""">""",1,A
201,A developer is integrating with a legacy on-premise SQL database. What should the developer use to ensure the data being integrated is matched to the right records in Salesforce?,External ID field,Formula field,External Object,Lookup field,1,A
202,A developer has identified a method in an Apex class that performs resource intensive actions in memory by iterating over the result set of a SOQL statement on the account. The method also performs a DML statement to save the changes to the database. Which two techniques should the developer implement as a best practice to ensure transaction control and avoid exceeding governor limits?,Use the Database.savepoint method to enforce database integrity.,Use the System.Limit class to monitor the current CPU governor limit consumption.,Use the @ReadOnly annotation to bypass the number of rows returned by a SOQL.,Use partial DML statements to ensure only valid data is committed.,2,"A, B"
203,Which two Agentforce limitations should a developer consider when building an agent?,Custom actions that reference an Apex class or flow support only primitive data types.,The Agent API has a 90-second timeout.,Inbound messages sent via messaging channels have character limits.,Version control is supported for agents.,2,"A, B"
204,A developer is using Agentforce Dev Assistant and noticed that the output from their prompt resembles proprietary code. Which model training considerations should the developer be aware of when utilizing the extension?,Dev Assistant can reference the developer's prior prompts to generate output in near,Dev Assistant can reference other developers' code and train the model in near real,Dev Assistant generated output resembles the code that was used to train the model.,Dev Assistant anonymized PII data in customer code that was used to train the,1,C
205,Which two Agentforce limitations should a developer consider when building an agent? (Choose 2 options),Version control is supported for agents.,Inbound messages sent via messaging channels have character limits.,Custom actions that reference an Apex class or flow support only primitive data types.,The Agent API has a 90-second timeout.,2,"B, C"
206,"A developer receives an error when compiling the following code: switch on sObject { when Account a, Contact c { System.debug('account ' + a)System.debug('contact ' + c)} when null { System.debug('null')} when else { System.debug('default')} } What is the error?",Switch statements cannot contain multiple when values.,There is incompatible variable binding.,Only one sObject type per when block can be used.,There is an unexpected token 'Contact'.,1,C
207,"In terms of the MVC paradigm, what are two advantages of implementing the view layer of a Salesforce application using Lightning Web Component-based development over Visualforce?",Rich component ecosystem,Server-side run-time debugging,Self-contained and reusable units of an application,Automatic code generation,2,"A, C"
208,A developer has the following requirements: - Calculate the total amount on an Order. - Calculate the line amount for each Line Item based on quantity selected and price. - Move Line Items to a different Order if a Line Item is not in stock. Which relationship implementation supports these requirements on its own?,Line Item has a re-parentable lookup field to Order.,,,,1,A
209,The OrderHelper class is a utility class that contains business logic for processing orders. Consider the following code snippet: public class without sharing OrderHelper{ //code implementation } A developer needs to create a constant named DELIVERY_MULTIPLIER with a value of 4.15. The value of the constant should not change at any time in the code. How should the developer declare the DELIVERY_MULTIPLIER constant to meet the business objectives?,static final decimal DELIVERY_MULTIPLIER = 4.15,decimal DELIVERY_MULTIPLIER = 4.15,static decimal DELIVERY_MULTIPLIER = 4.15,,1,A
210,A developer created a lightning web component called statusComponent to be inserted into the Account record page. Which two things should the developer do to make this component available?,Add <masterLabel>Account</masterLabel> to the statusComponent.js-meta.xml file.,Add <target>Lightning_RecordPage</target> to the statusComponent.js file.,Add <target>Lightning_RecordPage</target> to the statusComponent.js-meta.xml,Set isExposed to true in the statusComponent.js-meta.xml file.,2,"C, D"
211,A developer must create a DrawList class that provides capabilities defined in the Sortable and Drawable interfaces. public interface Sortable{ void sort()} public interface Drawable{ void draw()} Which is the correct implementation?,"public class DrawList implements Sortable, implements Drawable {","public class DrawList implements Sortable, Drawable {","public class DrawList extends Sortable, extends Drawable {",public class DrawList extends SortableSalesforce,1,B
212,A developer is alerted to an issue with a custom Apex trigger that is causing records to be duplicated. What is the most appropriate debugging approach to troubleshoot the issue?,Use the Apex Interactive Debugger to step through the code and identify the issue.,Review the Historical Event logs to identify the source of the issue.,Disable the trigger in production and test to see if the issue still occurs.,Add system.debug statements to the code to track the execution flow and identify,1,D
213,Which two characteristics are true for Lightning Web Component custom events?,Data may be passed in the payload of a custom event using a property called detail.,By default a custom event only propagates to its immediate container and to its,Data may be passed in the payload of a custom event using @wire decorated,By default a custom event only propagates to its immediate container.,2,"A, D"